0,Title,Url
[22],It was la nda shocking,https://i.redd.it/zh4qgxwzoc1b1.jpg
[23],Car types,https://i.redd.it/aqvsdq75xe1b1.jpg
[24],How to freak people out,https://i.redd.it/5dte6jb4c81b1.jpg
[25],The meaning of life? There is none ðŸ˜Œ,https://i.redd.it/lvnqfv84zc1b1.png
[26],Sugar Rush Being So Elegant and Fun,https://i.redd.it/6jt18705rc1b1.png
[27],"""You should stop buying Starbucks!!"" Ma'am, I don't even drink Starbucks, I could only afford 3-in-1 instant coffee...",https://i.redd.it/nkff71wqr71b1.gif
[28],Those movies have no right to slap this hard,https://i.redd.it/enqis5yl3e1b1.jpg
[29],Dumb meme i made.,https://i.redd.it/xz7glsfqee1b1.jpg
[30],"I will never understand ""alpha males""",https://i.redd.it/gwnhl0fjga1b1.jpg
[31],Both men and women.,https://i.redd.it/o1cef7dhs91b1.jpg
[32],true story,https://i.redd.it/8d9s90seha1b1.gif
[33],Fashion is overrated,https://i.redd.it/jmn3qon2dc1b1.jpg
[34],How could this be possible,https://i.redd.it/q09abkamke1b1.gif
[35],Save me,https://i.redd.it/hixj6tqzud1b1.jpg
[36],gotta love it sometimes ðŸ’€,https://i.redd.it/1te4vtn6nc1b1.jpg
[37],Don't trust WebMd,https://i.redd.it/34vs4gn7hf1b1.jpg
[38],Doing God's work. ðŸ«¡,https://i.redd.it/3q0pmfv3te1b1.gif
[39],"Alrighty, which one of you did the thing with the cow?",https://i.redd.it/9d18j3wfnf1b1.jpg
[40],Somethingâ€™s wrong I can feel it,https://i.redd.it/3an1d3s04f1b1.gif
[41],Baelor is a bastard man. Why me hate?,https://i.redd.it/htuung40xc1b1.jpg
[42],not a documentary,https://i.redd.it/vg8dgc6nnb1b1.png
[43],Itâ€™s fun,https://i.redd.it/m8x9kvzepb1b1.jpg
[44],*Room-full of Screams*,https://i.redd.it/vpli24yr1e1b1.gif
[45],"Wait, you mean theyâ€™re powerless?",https://i.redd.it/ww5ksiqco81b1.gif
[46],I've got issues,https://i.redd.it/w3knvsrxte1b1.jpg
[47],"Great, have some fun",https://i.redd.it/65p1n7iyje1b1.gif
[48],Apron? SHIRT?! Never heard of it,https://i.redd.it/1ylfo6g4gc1b1.jpg
[49],The news down under doesnâ€™t have very good transitions.,https://i.redd.it/83v4wu2prb1b1.jpg
[50],Many jumped the gun over an ebike,https://i.redd.it/q4pj0rbiva1b1.jpg
[51],New loophole found,https://i.redd.it/ucy5uuaujd1b1.jpg
[52],Please do,https://i.redd.it/5s04f5p1fd1b1.jpg
[53],One of us just pretends to like sleep,https://i.redd.it/09d7e39n6d1b1.gif
[54],I love chess so much.,https://i.redd.it/o8sf7iqu0e1b1.jpg
[55],It made me angry,https://i.redd.it/92efbokatf1b1.gif
[56],I feel enlightened,https://i.redd.it/qcywmb5lcd1b1.gif
[57],"I said eat, we eat.",https://i.redd.it/koiqinngwc1b1.jpg
[58],There! I fixed it ...,https://i.redd.it/ti2n0623j71b1.jpg
[59],Buzz buzz,https://i.redd.it/zhb6gz27me1b1.jpg
[60],the duality of man,https://i.redd.it/znqcy0squd1b1.jpg
[61],This me fr,https://i.redd.it/6azysn9xpc1b1.jpg
[62],obviously ;),https://i.redd.it/mppuv5am471b1.png
[63],A Little Nerve Tonic'll Do,https://i.redd.it/cuanrdlhrc1b1.png
[64],"Thought of this as I watched my cat jump behind the tv, almost knocking it over.",https://i.redd.it/rynfpmmumf1b1.jpg
[65],Sometimes key of the success is not trying at all,https://i.redd.it/bvu9prv8te1b1.png
[66],IT IS NOT THAT HARD,https://i.redd.it/aexqt1vsz71b1.jpg
[67],"The future is a big myth, at least for me",https://i.redd.it/3o3qe9yawf1b1.jpg
[68],My brain wonders away alot,https://i.redd.it/qyrpzbvm5c1b1.jpg
[69],the true guy,https://i.redd.it/v4b14v4fgb1b1.jpg
[70],Remember jackie chan's animated series?,https://i.redd.it/32pg2fhcad1b1.jpg
[71],Peasants these days,https://i.redd.it/dmjajudqhe1b1.png
[72],Recomended by your local sleep paralysis demon,https://i.redd.it/egvadq9c7e1b1.jpg
[73],Honestly,https://i.redd.it/4miebgjozf1b1.png
[74],When you suddenly hit that age of responsibility,https://i.redd.it/smia5olmnd1b1.gif
[75],Do you have abs? ðŸ¤¨,https://i.redd.it/t0ba1c25ld1b1.png
[76],every single time,https://i.redd.it/kkzbw48ttb1b1.jpg
[77],I hate when that happens,https://i.redd.it/2z2ym5rg371b1.jpg
[78],It's that easy!,https://i.redd.it/ne41eskuw71b1.gif
[79],While mr beast is a good person to have on earth Jesus those thumbnails are stingy,https://i.redd.it/ned9c256le1b1.jpg
[80],Just let me do my thing please!!!,https://i.redd.it/8lcxnzthof1b1.jpg
[81],Teachers = Sad PiÃ±atas,https://i.redd.it/h7gpc11tjf1b1.jpg
[82],Will society accept me?,https://i.redd.it/pv6n4czjr51b1.png
[83],Welp my disappointment is immeasurable,https://i.redd.it/2hg6mle8j71b1.jpg
[84],Can I switch to the hot water side now?,https://i.redd.it/yz28q3fi091b1.jpg
[85],Nintendo's hardest worker,https://i.redd.it/g1756efaw71b1.jpg
[86],Outstanding Move,https://i.redd.it/zc40fws5nd1b1.jpg
[87],Nothing better than seeing your little one grow,https://i.redd.it/0n8zra8v0a1b1.jpg
[88],Its really not that big of a deal,https://i.redd.it/9akfh1b7h71b1.png
[89],What a dilemma,https://i.redd.it/i2olipuqpb1b1.png
[90],Something funny I read,https://i.redd.it/at9dzcu2ee1b1.jpg
[91],Why do we all need trucks,https://i.redd.it/n1zt7fobr71b1.gif
[92],"C'mon, go grab it.",https://i.redd.it/hf5smbfhn81b1.jpg
[93],It's for their own good,https://i.redd.it/yk9arcw2sd1b1.jpg
[94],Want some? Please take it,https://i.redd.it/63ffvt1y0d1b1.jpg
[95],Source: My Grandma Knew Cleopatra Personally,https://i.redd.it/ze9vhao5of1b1.jpg
[96],ðŸªµðŸªµðŸªµðŸªµðŸªµðŸªµðŸªµðŸªµðŸªµ,https://i.redd.it/wkeu5gl16e1b1.jpg
[97],You mean America isn't the only ruined nation?,https://i.redd.it/9ml8ucysde1b1.png
[98],"[D&amp;D Reference] Typical Barbarian, Taking Advice A Bit Too Literally",https://i.redd.it/7gs2vpfjkc1b1.jpg
[99],I am the villain of everyone's story,https://i.redd.it/qrpoe7lt3e1b1.jpg
[100],It seems like I might be the only one who hasnâ€™t watched that show yet,https://i.redd.it/g4i9i24s691b1.gif
